<?xml version="1.0" encoding="UTF-8"?>
<project-private xmlns="http://www.netbeans.org/ns/project-private/1">
    <editor-bookmarks xmlns="http://www.netbeans.org/ns/editor-bookmarks/2" lastBookmarkId="0"/>
    <open-files xmlns="http://www.netbeans.org/ns/projectui-open-files/2">
        <group>
            <file>file:/C:/Users/Kyle/Documents/NetBeansProjects/Project/G2-3.7/src/java/alumni/data/UserDB.java</file>
            <file>file:/C:/Users/Kyle/Documents/NetBeansProjects/Project/G2-3.7/web/signup.jsp</file>
            <file>file:/C:/Users/Kyle/Documents/NetBeansProjects/Project/G2-3.7/src/java/alumni/controllers/RegisterServlet.java</file>
            <file>file:/C:/Users/Kyle/Documents/NetBeansProjects/Project/G2-3.7/src/java/alumni/business/User.java</file>
            <file>file:/C:/Users/Kyle/Documents/NetBeansProjects/Project/G2-3.7/src/java/alumni/controllers/UserServlet.java</file>
            <file>file:/C:/Users/Kyle/Documents/NetBeansProjects/Project/G2-3.7/src/java/alumni/controllers/AdminServlet.java</file>
            <file>file:/C:/Users/Kyle/Documents/NetBeansProjects/Project/G2-3.7/web/thanks.jsp</file>
        </group>
    </open-files>
</project-private>
