<?xml version="1.0" encoding="UTF-8"?>
<project-private xmlns="http://www.netbeans.org/ns/project-private/1">
    <editor-bookmarks xmlns="http://www.netbeans.org/ns/editor-bookmarks/2" lastBookmarkId="0"/>
    <open-files xmlns="http://www.netbeans.org/ns/projectui-open-files/2">
        <group>
            <file>file:/C:/Users/Kyle/Documents/NetBeansProjects/Project/G.2-3.9/web/home/search.jsp</file>
            <file>file:/C:/Users/Kyle/Documents/NetBeansProjects/Project/G.2-3.9/src/java/alumni/controllers/RequestServlet.java</file>
            <file>file:/C:/Users/Kyle/Documents/NetBeansProjects/Project/G.2-3.9/src/java/alumni/data/UserDB.java</file>
            <file>file:/C:/Users/Kyle/Documents/NetBeansProjects/Project/G.2-3.9/src/java/alumni/controllers/SearchServlet.java</file>
        </group>
    </open-files>
</project-private>
